run_id,bus_id,trip_id,depart_time,arrival_time,return_arrival_time,passenger_count,capacity,load_factor,station_queue_left,outbound_drive_time,return_drive_time,outbound_distance_m,return_distance_m
20260610_175521_48753422,2,1,66600.0,66812.91697668901,67028.49283508475,4,40,0.1,53,,,,
20260610_175521_48753422,1,1,66600.0,66829.44979541776,67056.0049825064,5,40,0.125,45,,,,
20260610_175521_48753422,2,2,67108.49283508475,67321.40981177376,67608.9856701695,40,40,1.0,71,,,,
20260610_175521_48753422,1,2,67176.69279485544,67392.50679117478,67682.97966920084,40,40,1.0,50,,,,
20260610_175521_48753422,2,3,67688.9856701695,67901.89993714963,68189.419350562,40,40,1.0,114,,,,
20260610_175521_48753422,1,3,67762.97966920084,67978.78824647982,68269.18859178585,40,40,1.0,95,,,,
20260610_175521_48753422,2,4,68269.419350562,68482.20704354314,68769.5875946001,40,40,1.0,173,,,,
20260610_175521_48753422,1,4,68349.18859178585,68564.84908371557,68855.10096821448,40,40,1.0,144,,,,
20260610_175521_48753422,2,5,68849.5875946001,69062.23947036728,69349.54101603312,40,40,1.0,221,,,,
20260610_175521_48753422,1,5,68935.10096821448,69150.62766157056,69437.9292072364,40,40,1.0,203,,,,
20260610_175521_48753422,2,6,69429.54101603312,69642.1766216727,69929.47816733854,40,40,1.0,266,,,,
20260610_175521_48753422,1,6,69517.9292072364,69730.56481287598,70017.86635854183,40,40,1.0,248,,,,
20260610_175521_48753422,2,7,70009.47816733854,70222.11377297812,70509.41531864397,40,40,1.0,302,,,,
20260610_175521_48753422,1,7,70097.86635854183,70310.5019641814,70597.80350984725,40,40,1.0,285,,,,
20260610_175521_48753422,2,8,70589.41531864397,70802.05092428354,71089.35246994939,40,40,1.0,331,,,,
20260610_175521_48753422,1,8,70677.80350984725,70890.43911548682,71177.74066115267,40,40,1.0,305,,,,
20260610_175521_48753422,2,9,71169.35246994939,71381.98807558896,71669.26414887195,40,40,1.0,344,,,,
20260610_175521_48753422,1,9,71257.74066115267,71470.37356424019,71757.64137843483,40,40,1.0,319,,,,
20260610_175521_48753422,2,10,71749.26414887195,71961.84495977551,72249.06525811719,40,40,1.0,363,,,,
20260610_175521_48753422,1,10,71837.64137843483,72050.21410616254,72337.42638682912,40,40,1.0,337,,,,
20260610_175521_48753422,2,11,72329.06525811719,72541.59040989312,72828.76736379211,40,40,1.0,385,,,,
20260610_175521_48753422,1,11,72417.42638682912,72629.94165779068,72917.11861168967,40,40,1.0,360,,,,
20260610_175521_48753422,2,12,72908.76736379211,73121.27517180375,73408.45212570274,40,40,1.0,380,,,,
20260610_175521_48753422,1,12,72997.11861168967,73209.62641970131,73496.8033736003,40,40,1.0,350,,,,
20260610_175521_48753422,2,13,73488.45212570274,73700.95993371437,73988.13688761336,40,40,1.0,376,,,,
20260610_175521_48753422,1,13,73576.8033736003,73789.31118161193,74076.48813551092,40,40,1.0,347,,,,
20260610_175521_48753422,2,14,74068.13688761336,74280.644695625,74567.82164952399,40,40,1.0,383,,,,
20260610_175521_48753422,1,14,74156.48813551092,74368.99594352256,74656.17289742155,40,40,1.0,355,,,,
20260610_175521_48753422,2,15,74647.82164952399,74860.32945753563,75147.48442408982,40,40,1.0,364,,,,
20260610_175521_48753422,1,15,74736.17289742155,74948.68070543319,75235.80110675012,40,40,1.0,337,,,,
20260610_175521_48753422,2,16,75227.48442408982,75439.80278325733,75726.61085965262,40,40,1.0,352,,,,
20260610_175521_48753422,1,16,75315.80110675012,75528.06493016507,75814.82038482133,40,40,1.0,322,,,,
20260610_175521_48753422,2,17,75806.61085965262,76018.56241503179,76305.03357127325,40,40,1.0,320,,,,
20260610_175521_48753422,1,17,75894.82038482133,76106.70718326206,76393.15515261171,40,40,1.0,285,,,,
20260610_175521_48753422,2,18,76385.03357127325,76596.79363729073,76883.24160664038,40,40,1.0,286,,,,
20260610_175521_48753422,1,18,76473.15515261171,76684.91521862919,76971.36318797884,40,40,1.0,257,,,,
20260610_175521_48753422,2,19,76963.24160664038,77175.00167265786,77461.44964200752,40,40,1.0,258,,,,
20260610_175521_48753422,1,19,77051.36318797884,77263.12325399632,77549.57122334598,40,40,1.0,225,,,,
20260610_175521_48753422,2,20,77541.44964200752,77753.209708025,78039.65767737465,40,40,1.0,217,,,,
20260610_175521_48753422,1,20,77629.57122334598,77841.33128936346,78127.77925871311,40,40,1.0,181,,,,
20260610_175521_48753422,2,21,78119.65767737465,78331.41774339213,78617.86571274178,40,40,1.0,179,,,,
20260610_175521_48753422,1,21,78207.77925871311,78419.53932473059,78705.96982779137,40,40,1.0,148,,,,
20260610_175521_48753422,2,22,78697.86571274178,78909.52874570826,79195.7830334216,40,40,1.0,141,,,,
20260610_175521_48753422,1,22,78785.96982779137,78997.60595224907,79283.8334706733,40,40,1.0,107,,,,
20260610_175521_48753422,2,23,79275.7830334216,79487.24094650437,79773.29207804886,40,40,1.0,84,,,,
20260610_175521_48753422,1,23,79363.8334706733,79575.25645818397,79861.28012962366,40,40,1.0,49,,,,
20260610_175521_48753422,2,24,79853.29207804886,80064.59957146883,80350.6063212085,40,40,1.0,36,,,,
20260610_175521_48753422,1,24,79941.28012962366,80152.58762304363,80438.5943727833,40,40,1.0,0,,,,
20260610_175521_48753422,2,25,80441.33502892453,80652.6425223445,80938.64927208416,40,40,1.0,0,,,,
20260610_175521_48753422,1,25,81038.5943727833,81249.90186620326,81493.90861594293,19,40,0.475,0,,,,
20260610_175521_48753422,2,26,81538.64927208416,81749.95676550413,81979.9635152438,12,40,0.3,0,,,,
20260610_175521_48753422,1,26,82093.90861594293,82305.20846167623,82543.13704571796,16,40,0.4,0,,,,
20260610_175521_48753422,2,27,82579.9635152438,82791.10685569966,83026.87870323865,15,40,0.375,0,,,,
20260610_175521_48753422,1,27,83143.13704571796,83354.08754021775,83589.70104179572,15,40,0.375,0,,,,
20260610_175521_48753422,2,28,83626.87870323865,83837.782829859,84065.39633143698,11,40,0.275,0,,,,
20260610_175521_48753422,1,28,84189.70104179572,84400.60516841608,84624.21866999405,9,40,0.225,0,,,,
20260610_175521_48753422,2,29,84665.39633143698,84876.30045805733,85107.9139596353,13,40,0.325,0,,,,
20260610_175521_48753422,1,29,85224.21866999405,85435.1227966144,85654.73629819238,7,40,0.175,0,,,,
20260610_175521_48753422,2,30,85707.9139596353,85918.81808625566,86148.43158783363,12,40,0.3,0,,,,
20260610_180545_4c37f9be,2,1,66600.0,66812.91697668901,67032.49283508475,6,40,0.15,75,212.9169766890118,207.57585839573585,1740.8920024559548,1697.220942188526
20260610_180545_4c37f9be,1,1,66600.0,66829.44979541776,67060.0049825064,7,40,0.175,68,229.4497954177641,216.5551870886411,1762.3298283096913,1697.220942188526
20260610_180545_4c37f9be,2,2,67112.49283508475,67325.40981177376,67612.9856701695,40,40,1.0,110,212.9169766890118,207.57585839573585,1740.8920024559548,1697.220942188526
20260610_180545_4c37f9be,1,2,67140.0049825064,67361.90128788832,67655.39667549128,40,40,1.0,97,221.89630538191705,213.49538760296127,1740.8920024559548,1697.220942188526
20260610_180545_4c37f9be,2,3,67692.9856701695,67905.89993714963,68193.419350562,40,40,1.0,143,212.91426698013674,207.51941341237398,1740.8920024559548,1697.220942188526
20260610_180545_4c37f9be,1,3,67735.39667549128,67951.20796210175,68241.61286470681,40,40,1.0,131,215.81128661046387,210.4049026050634,1740.8920024559548,1697.220942188526
20260610_180545_4c37f9be,2,4,68273.419350562,68486.2067358112,68773.58697939309,40,40,1.0,189,212.78738524919027,207.38024358189432,1740.8920024559548,1697.220942188526
20260610_180545_4c37f9be,1,4,68321.61286470681,68537.27920230583,68827.53661070514,40,40,1.0,172,215.66633759901742,210.2574083993095,1740.8920024559548,1697.220942188526
20260610_180545_4c37f9be,2,5,68853.58697939309,69066.23651845983,69353.53806412568,40,40,1.0,266,212.64953906674054,207.3015456658468,1740.8920024559548,1697.220942188526
20260610_180545_4c37f9be,1,5,68907.53661070514,69123.06564043662,69413.25642818172,40,40,1.0,251,215.52902973147866,210.19078774510126,1740.8920024559548,1697.220942188526
20260610_180545_4c37f9be,2,6,69433.53806412568,69646.17366976525,69933.4752154311,40,40,1.0,320,212.63560563957435,207.3015456658468,1740.8920024559548,1697.220942188526
20260610_180545_4c37f9be,1,6,69493.25642818172,69708.78127590055,69998.97206364565,40,40,1.0,296,215.52484771882882,210.19078774510126,1740.8920024559548,1697.220942188526
20260610_180545_4c37f9be,2,7,70013.4752154311,70226.11082107067,70513.41236673652,40,40,1.0,346,212.63560563957435,207.3015456658468,1740.8920024559548,1697.220942188526
20260610_180545_4c37f9be,1,7,70078.97206364565,70294.49691136448,70584.68769910958,40,40,1.0,329,215.52484771882882,210.19078774510126,1740.8920024559548,1697.220942188526
20260610_180545_4c37f9be,2,8,70593.41236673652,70806.0479723761,71093.34951804194,40,40,1.0,387,212.63560563957435,207.3015456658468,1740.8920024559548,1697.220942188526
20260610_180545_4c37f9be,1,8,70664.68769910958,70880.2125468284,71170.40333457351,40,40,1.0,363,215.52484771882882,210.19078774510126,1740.8920024559548,1697.220942188526
20260610_180545_4c37f9be,2,9,71173.34951804194,71385.98512368152,71673.26119696451,40,40,1.0,421,212.63560563957435,207.276073282992,1740.8920024559548,1697.220942188526
20260610_180545_4c37f9be,1,9,71250.40333457351,71465.92547974028,71756.08163449174,40,40,1.0,397,215.52214516677486,210.1561547514575,1740.8920024559548,1697.220942188526
20260610_180545_4c37f9be,2,10,71753.26119696451,71965.84200786806,72253.06218265089,40,40,1.0,436,212.580810903557,207.22017478282214,1740.8920024559548,1697.220942188526
20260610_180545_4c37f9be,1,10,71836.08163449174,72051.54188131409,72341.64102415784,40,40,1.0,408,215.46024682234565,210.09914284375554,1740.8920024559548,1697.220942188526
20260610_180545_4c37f9be,2,11,72333.06218265089,72545.58733442682,72832.76428832581,40,40,1.0,455,212.5251517759316,207.17695389899018,1740.8920024559548,1697.220942188526
20260610_180545_4c37f9be,1,11,72421.64102415784,72634.15537162377,72921.33232552276,40,40,1.0,435,212.51434746592713,207.17695389899018,1740.8920024559548,1697.220942188526
20260610_180545_4c37f9be,2,12,72912.76428832581,73125.27209633744,73412.44905023644,40,40,1.0,479,212.50780801163637,207.17695389899018,1740.8920024559548,1697.220942188526
20260610_180545_4c37f9be,1,12,73001.33232552276,73213.8401335344,73501.01708743339,40,40,1.0,448,212.50780801163637,207.17695389899018,1740.8920024559548,1697.220942188526
20260610_180545_4c37f9be,2,13,73492.44905023644,73704.95685824807,73992.13381214706,40,40,1.0,462,212.50780801163637,207.17695389899018,1740.8920024559548,1697.220942188526
20260610_180545_4c37f9be,1,13,73581.01708743339,73793.52489544502,74080.70184934401,40,40,1.0,435,212.50780801163637,207.17695389899018,1740.8920024559548,1697.220942188526
20260610_180545_4c37f9be,2,14,74072.13381214706,74284.6416201587,74571.81857405769,40,40,1.0,456,212.50780801163637,207.17695389899018,1740.8920024559548,1697.220942188526
20260610_180545_4c37f9be,1,14,74160.70184934401,74373.20965735565,74660.38661125464,40,40,1.0,429,212.50780801163637,207.17695389899018,1740.8920024559548,1697.220942188526
20260610_180545_4c37f9be,2,15,74651.81857405769,74864.32638206932,75151.48134862352,40,40,1.0,443,212.50780801163637,207.15496655419702,1740.8920024559548,1697.220942188526
20260610_180545_4c37f9be,1,15,74740.38661125464,74952.89441926627,75240.01482058321,40,40,1.0,411,212.50780801163637,207.12040131693357,1740.8920024559548,1697.220942188526
20260610_180545_4c37f9be,2,16,75231.48134862352,75443.79830289846,75730.60637929375,40,40,1.0,427,212.31695427493833,206.8080763952894,1740.8920024559548,1697.220942188526
20260610_180545_4c37f9be,1,16,75320.01482058321,75532.27864399816,75819.03409865442,40,40,1.0,391,212.263823414949,206.75545465626055,1740.8920024559548,1697.220942188526
20260610_180545_4c37f9be,2,17,75810.60637929375,76022.55793467292,76309.01301526742,40,40,1.0,401,211.95155537917162,206.45508059450367,1740.8920024559548,1697.220942188526
20260610_180545_4c37f9be,1,17,75899.03409865442,76110.92089709514,76397.3688664448,40,40,1.0,369,211.88679844072612,206.44796934965416,1740.8920024559548,1697.220942188526
20260610_180545_4c37f9be,2,18,76389.01301526742,76600.7730812849,76887.22105063456,40,40,1.0,363,211.7600660174794,206.44796934965416,1740.8920024559548,1697.220942188526
20260610_180545_4c37f9be,1,18,76477.3688664448,76689.12893246228,76975.57690181193,40,40,1.0,335,211.7600660174794,206.44796934965416,1740.8920024559548,1697.220942188526
20260610_180545_4c37f9be,2,19,76967.22105063456,77178.98111665204,77465.42908600169,40,40,1.0,325,211.7600660174794,206.44796934965416,1740.8920024559548,1697.220942188526
20260610_180545_4c37f9be,1,19,77055.57690181193,77267.33696782941,77553.78493717907,40,40,1.0,293,211.7600660174794,206.44796934965416,1740.8920024559548,1697.220942188526
20260610_180545_4c37f9be,2,20,77545.42908600169,77757.18915201917,78043.63712136883,40,40,1.0,294,211.7600660174794,206.44796934965416,1740.8920024559548,1697.220942188526
20260610_180545_4c37f9be,1,20,77633.78493717907,77845.54500319654,78131.9929725462,40,40,1.0,255,211.7600660174794,206.44796934965416,1740.8920024559548,1697.220942188526
20260610_180545_4c37f9be,2,21,78123.63712136883,78335.3971873863,78621.84515673596,40,40,1.0,244,211.7600660174794,206.44796934965416,1740.8920024559548,1697.220942188526
20260610_180545_4c37f9be,1,21,78211.9929725462,78423.75303856368,78710.18354162446,40,40,1.0,207,211.7600660174794,206.4305030607793,1740.8920024559548,1697.220942188526
20260610_180545_4c37f9be,2,22,78701.84515673596,78913.50770431134,79199.76199202468,40,40,1.0,192,211.66254757538263,206.25428771333827,1740.8920024559548,1697.220942188526
20260610_180545_4c37f9be,1,22,78790.18354162446,79001.81568395844,79288.0365055877,40,40,1.0,157,211.6321423339832,206.2208216292638,1740.8920024559548,1697.220942188526
20260610_180545_4c37f9be,2,23,79279.76199202468,79491.21990510746,79777.27103665195,40,40,1.0,142,211.45791308277694,206.05113154448918,1740.8920024559548,1697.220942188526
20260610_180545_4c37f9be,1,23,79368.0365055877,79579.45949309837,79865.48316453806,40,40,1.0,107,211.42298751066846,206.02367143968877,1740.8920024559548,1697.220942188526
20260610_180545_4c37f9be,2,24,79857.27103665195,80068.57853007191,80354.58527981158,40,40,1.0,78,211.30749341996852,206.0067497396667,1740.8920024559548,1697.220942188526
20260610_180545_4c37f9be,1,24,79945.48316453806,80156.79065795803,80442.7974076977,40,40,1.0,41,211.30749341996852,206.0067497396667,1740.8920024559548,1697.220942188526
20260610_180545_4c37f9be,2,25,80434.58527981158,80645.89277323155,80931.89952297122,40,40,1.0,20,211.30749341996852,206.0067497396667,1740.8920024559548,1697.220942188526
20260610_180545_4c37f9be,1,25,80522.7974076977,80734.10490111767,81020.11165085733,40,40,1.0,0,211.30749341996852,206.0067497396667,1740.8920024559548,1697.220942188526
20260610_180545_4c37f9be,2,26,81531.89952297122,81743.20701639118,82007.21376613085,29,40,0.725,15,211.30749341996852,206.0067497396667,1740.8920024559548,1697.220942188526
20260610_180545_4c37f9be,1,26,81620.11165085733,81831.4191442773,82060.27857062954,10,40,0.25,0,211.30749341996852,208.8594263522391,1740.8920024559548,1697.220942188526
20260610_180545_4c37f9be,2,27,82607.21376613085,82818.34494457114,83070.09721682161,23,40,0.575,11,211.1311784402933,205.75227225046547,1740.8920024559548,1697.220942188526
20260610_180545_4c37f9be,1,27,82660.27857062954,82874.23722273113,83102.79426079165,7,40,0.175,0,213.9586521015881,214.55703806052043,1740.8920024559548,1697.220942188526
20260610_180545_4c37f9be,2,28,83670.09721682161,83881.00134344197,84124.61484501994,19,40,0.475,10,210.9041266203567,205.61350157797278,1740.8920024559548,1697.220942188526
20260610_180545_4c37f9be,1,28,83702.79426079165,83922.50310227629,84149.99453222717,5,40,0.125,0,219.70884148463665,217.49142995088187,1740.8920024559548,1697.220942188526
20260610_180545_4c37f9be,2,29,84724.61484501994,84935.5189716403,85179.13247321827,19,40,0.475,7,210.9041266203567,205.61350157797278,1740.8920024559548,1697.220942188526
20260610_180545_4c37f9be,1,29,84749.99453222717,84972.3005054879,85201.79193543879,6,40,0.15,0,222.3059732607362,217.49142995088187,1762.3298283096913,1697.220942188526
20260610_180545_4c37f9be,2,30,85779.13247321827,85990.03659983863,86219.6501014166,12,40,0.3,7,210.9041266203567,205.61350157797278,1740.8920024559548,1697.220942188526
20260610_180545_4c37f9be,1,30,85801.79193543879,86024.09790869952,86246.51612514177,4,40,0.1,0,222.3059732607362,214.41821644225274,1762.3298283096913,1697.220942188526
20260610_182951_4bfb17ec,1,1,66600.0,66812.91697668901,67026.49283508475,3,40,0.075,56,212.9169766890118,207.57585839573585,1740.8920024559548,1697.220942188526
20260610_182951_4bfb17ec,2,1,66600.0,66829.44979541776,67055.14063148534,3,40,0.075,49,229.4497954177641,219.6908360675734,1762.3298283096913,1697.220942188526
20260610_182951_4bfb17ec,1,2,67106.49283508475,67319.40981177376,67606.9856701695,40,40,1.0,90,212.9169766890118,207.57585839573585,1740.8920024559548,1697.220942188526
20260610_182951_4bfb17ec,2,2,67135.14063148534,67357.03693686725,67650.53232447022,40,40,1.0,77,221.89630538191705,213.49538760296127,1740.8920024559548,1697.220942188526
20260610_182951_4bfb17ec,1,3,67686.9856701695,67899.89993714963,68187.42205951619,40,40,1.0,148,212.91426698013674,207.5221223665576,1740.8920024559548,1697.220942188526
20260610_182951_4bfb17ec,2,3,67730.53232447022,67946.34361108068,68236.74918012091,40,40,1.0,136,215.81128661046387,210.40556904023106,1740.8920024559548,1697.220942188526
20260610_182951_4bfb17ec,1,4,68267.42205951619,68480.21028448196,68767.59083553893,40,40,1.0,226,212.7882249657705,207.3805510569655,1740.8920024559548,1697.220942188526
20260610_182951_4bfb17ec,2,4,68316.74918012091,68532.41584739572,68822.6737077177,40,40,1.0,208,215.6666672748106,210.25786032197357,1740.8920024559548,1697.220942188526
20260610_182951_4bfb17ec,1,5,68847.59083553893,69060.2427113061,69347.54425697195,40,40,1.0,283,212.6518757671729,207.3015456658468,1740.8920024559548,1697.220942188526
20260610_182951_4bfb17ec,2,5,68902.6737077177,69118.20273744917,69408.39352519427,40,40,1.0,273,215.52902973147866,210.19078774510126,1740.8920024559548,1697.220942188526
20260610_182951_4bfb17ec,1,6,69427.54425697195,69640.17986261152,69927.48140827737,40,40,1.0,329,212.63560563957435,207.3015456658468,1740.8920024559548,1697.220942188526
20260610_182951_4bfb17ec,2,6,69488.39352519427,69703.9183729131,69994.1091606582,40,40,1.0,310,215.52484771882882,210.19078774510126,1740.8920024559548,1697.220942188526
20260610_182951_4bfb17ec,1,7,70007.48140827737,70220.11701391694,70507.41855958279,40,40,1.0,379,212.63560563957435,207.3015456658468,1740.8920024559548,1697.220942188526
20260610_182951_4bfb17ec,2,7,70074.1091606582,70289.63400837703,70579.82479612214,40,40,1.0,353,215.52484771882882,210.19078774510126,1740.8920024559548,1697.220942188526
20260610_182951_4bfb17ec,1,8,70587.41855958279,70800.05416522236,71087.35571088821,40,40,1.0,409,212.63560563957435,207.3015456658468,1740.8920024559548,1697.220942188526
20260610_182951_4bfb17ec,2,8,70659.82479612214,70875.34964384096,71165.54043158607,40,40,1.0,385,215.52484771882882,210.19078774510126,1740.8920024559548,1697.220942188526
20260610_182951_4bfb17ec,1,9,71167.35571088821,71379.99131652778,71667.26847731712,40,40,1.0,433,212.63560563957435,207.27716078933736,1740.8920024559548,1697.220942188526
20260610_182951_4bfb17ec,2,9,71245.54043158607,71461.06257675284,71751.22135397536,40,40,1.0,407,215.52214516677486,210.15877722251753,1740.8920024559548,1697.220942188526
20260610_182951_4bfb17ec,1,10,71747.26847731712,71959.84950189198,72247.06980023366,40,40,1.0,458,212.58102457485802,207.22029834167915,1740.8920024559548,1697.220942188526
20260610_182951_4bfb17ec,2,10,71831.22135397536,72046.6816007977,72336.78074364146,40,40,1.0,430,215.46024682234565,210.09914284375554,1740.8920024559548,1697.220942188526
20260610_182951_4bfb17ec,1,11,72327.06980023366,72539.59495200959,72826.77190590858,40,40,1.0,457,212.5251517759316,207.17695389899018,1740.8920024559548,1697.220942188526
20260610_182951_4bfb17ec,2,11,72416.78074364146,72629.29601460302,72916.47296850201,40,40,1.0,434,212.51527096156497,207.17695389899018,1740.8920024559548,1697.220942188526
20260610_182951_4bfb17ec,1,12,72906.77190590858,73119.27971392022,73406.4566678192,40,40,1.0,476,212.50780801163637,207.17695389899018,1740.8920024559548,1697.220942188526
20260610_182951_4bfb17ec,2,12,72996.47296850201,73208.98077651365,73496.15773041264,40,40,1.0,448,212.50780801163637,207.17695389899018,1740.8920024559548,1697.220942188526
20260610_182951_4bfb17ec,1,13,73486.4566678192,73698.96447583084,73986.14142972983,40,40,1.0,463,212.50780801163637,207.17695389899018,1740.8920024559548,1697.220942188526
20260610_182951_4bfb17ec,2,13,73576.15773041264,73788.66553842428,74075.84249232327,40,40,1.0,438,212.50780801163637,207.17695389899018,1740.8920024559548,1697.220942188526
20260610_182951_4bfb17ec,1,14,74066.14142972983,74278.64923774147,74565.82619164046,40,40,1.0,456,212.50780801163637,207.17695389899018,1740.8920024559548,1697.220942188526
20260610_182951_4bfb17ec,2,14,74155.84249232327,74368.3503003349,74655.5272542339,40,40,1.0,424,212.50780801163637,207.17695389899018,1740.8920024559548,1697.220942188526
20260610_182951_4bfb17ec,1,15,74645.82619164046,74858.3339996521,75145.49385244725,40,40,1.0,429,212.50780801163637,207.15985279515735,1740.8920024559548,1697.220942188526
20260610_182951_4bfb17ec,2,15,74735.5272542339,74948.03506224553,75235.15546356246,40,40,1.0,399,212.50780801163637,207.12040131693357,1740.8920024559548,1697.220942188526
20260610_182951_4bfb17ec,1,16,75225.49385244725,75437.81221161476,75724.6214799976,40,40,1.0,403,212.31835916750424,206.80926838284358,1740.8920024559548,1697.220942188526
20260610_182951_4bfb17ec,2,16,75315.15546356246,75527.41928697741,75814.17474163367,40,40,1.0,371,212.263823414949,206.75545465626055,1740.8920024559548,1697.220942188526
20260610_182951_4bfb17ec,1,17,75804.6214799976,76016.57303537677,76303.04419161823,40,40,1.0,380,211.95155537917162,206.47115624145954,1740.8920024559548,1697.220942188526
20260610_182951_4bfb17ec,2,17,75894.17474163367,76106.0615400744,76392.50950942405,40,40,1.0,349,211.88679844072612,206.44796934965416,1740.8920024559548,1697.220942188526
20260610_182951_4bfb17ec,1,18,76383.04419161823,76594.80425763571,76881.25222698537,40,40,1.0,352,211.7600660174794,206.44796934965416,1740.8920024559548,1697.220942188526
20260610_182951_4bfb17ec,2,18,76472.50950942405,76684.26957544153,76970.71754479119,40,40,1.0,315,211.7600660174794,206.44796934965416,1740.8920024559548,1697.220942188526
20260610_182951_4bfb17ec,1,19,76961.25222698537,77173.01229300284,77459.4602623525,40,40,1.0,307,211.7600660174794,206.44796934965416,1740.8920024559548,1697.220942188526
20260610_182951_4bfb17ec,2,19,77050.71754479119,77262.47761080867,77548.92558015832,40,40,1.0,271,211.7600660174794,206.44796934965416,1740.8920024559548,1697.220942188526
20260610_182951_4bfb17ec,1,20,77539.4602623525,77751.22032836998,78037.66829771963,40,40,1.0,260,211.7600660174794,206.44796934965416,1740.8920024559548,1697.220942188526
20260610_182951_4bfb17ec,2,20,77628.92558015832,77840.6856461758,78127.13361552545,40,40,1.0,223,211.7600660174794,206.44796934965416,1740.8920024559548,1697.220942188526
20260610_182951_4bfb17ec,1,21,78117.66829771963,78329.42836373711,78615.87633308677,40,40,1.0,212,211.7600660174794,206.44796934965416,1740.8920024559548,1697.220942188526
20260610_182951_4bfb17ec,2,21,78207.13361552545,78418.89368154293,78705.32418460371,40,40,1.0,176,211.7600660174794,206.4305030607793,1740.8920024559548,1697.220942188526
20260610_182951_4bfb17ec,1,22,78695.87633308677,78907.53962513608,79193.79391284942,40,40,1.0,155,211.6632920493139,206.25428771333827,1740.8920024559548,1697.220942188526
20260610_182951_4bfb17ec,2,22,78785.32418460371,78996.96030906141,79283.18782748564,40,40,1.0,120,211.63612445769832,206.22751842423168,1740.8920024559548,1697.220942188526
20260610_182951_4bfb17ec,1,23,79273.79391284942,79485.2518259322,79771.30295747668,40,40,1.0,103,211.45791308277694,206.05113154448918,1740.8920024559548,1697.220942188526
20260610_182951_4bfb17ec,2,23,79363.18782748564,79574.61081499631,79860.634486436,40,40,1.0,67,211.42298751066846,206.02367143968877,1740.8920024559548,1697.220942188526
20260610_182951_4bfb17ec,1,24,79851.30295747668,80062.61045089665,80348.61720063632,40,40,1.0,58,211.30749341996852,206.0067497396667,1740.8920024559548,1697.220942188526
20260610_182951_4bfb17ec,2,24,79940.634486436,80151.94197985597,80437.94872959564,40,40,1.0,20,211.30749341996852,206.0067497396667,1740.8920024559548,1697.220942188526
20260610_182951_4bfb17ec,1,25,80428.61720063632,80639.92469405629,80925.93144379595,40,40,1.0,5,211.30749341996852,206.0067497396667,1740.8920024559548,1697.220942188526
20260610_182951_4bfb17ec,2,25,80820.52557058338,81031.83306400335,81317.83981374302,40,40,1.0,0,211.30749341996852,206.0067497396667,1740.8920024559548,1697.220942188526
20260610_182951_4bfb17ec,1,26,81525.93144379595,81737.23893721592,81973.24568695559,15,40,0.375,0,211.30749341996852,206.0067497396667,1740.8920024559548,1697.220942188526
20260610_182951_4bfb17ec,2,26,81917.83981374302,82129.14730716299,82371.12670807722,18,40,0.45,0,211.30749341996852,205.97940091423516,1740.8920024559548,1697.220942188526
20260610_182951_4bfb17ec,1,27,82573.24568695559,82784.38902741145,83022.16087495044,16,40,0.4,2,211.14334045586293,205.77184753898473,1740.8920024559548,1697.220942188526
20260610_182951_4bfb17ec,2,27,82971.12670807722,83182.13667527483,83411.7786433907,12,40,0.3,0,211.00996719760587,205.64196811587317,1740.8920024559548,1697.220942188526
20260610_182951_4bfb17ec,1,28,83622.16087495044,83833.0650015708,84076.67850314877,19,40,0.475,0,210.9041266203567,205.61350157797278,1740.8920024559548,1697.220942188526
20260610_182951_4bfb17ec,2,28,84011.7786433907,84222.68277001106,84456.29627158903,14,40,0.35,0,210.9041266203567,205.61350157797278,1740.8920024559548,1697.220942188526
20260610_182951_4bfb17ec,1,29,84676.67850314877,84887.58262976912,85119.1961313471,13,40,0.325,0,210.9041266203567,205.61350157797278,1740.8920024559548,1697.220942188526
20260610_182951_4bfb17ec,2,29,85056.29627158903,85267.20039820939,85492.81389978736,10,40,0.25,0,210.9041266203567,205.61350157797278,1740.8920024559548,1697.220942188526
20260610_182951_4bfb17ec,1,30,85719.1961313471,85930.10025796745,86151.71375954543,8,40,0.2,1,210.9041266203567,205.61350157797278,1740.8920024559548,1697.220942188526
